hr_mean,hr_std,hr_min,hr_max,hr_slope,hr_range,hr_cv,hr_entropy,hr_instability,resp_mean,resp_std,resp_min,resp_max,resp_slope,resp_range,resp_cv,resp_entropy,resp_instability,stress_mean,stress_std,stress_min,stress_max,stress_slope,stress_entropy,stress_instability,sleep_time,sleep_duration_hours,deep_ratio,rem_ratio,light_ratio,awake_ratio,sleep_efficiency,fragmentation_index,sleep_midpoint,sleep_duration_check,active_cal_ratio,calories_per_sleep_hour,hr_resp_corr,hr_stress_corr,resp_stress_corr,hr_resp_ratio,s_0,s_1,s_2,s_3,s_4,s_5,s_6,s_7,s_8,s_9,s_10,s_11,s_12,s_13,s_14,s_15,d_0,d_1,d_2,d_3,d_4,d_5,d_6,d_7,d_8,d_9,d_10,d_11,d_12,d_13,d_14,d_15,label
83.16234,17.244543,52.0,137.0,-0.03687488833248646,85.0,0.20736001,0.47478142409533675,57,13.094972,1.4507915,6.0,19.0,0.00011628500797246517,13.0,0.11078996,1.1229179149009891,109,42.04301,12.327132,9.0,96.0,0.017821911053877728,0.3730917883497252,119,3600.0,1.0,0.5166666666666667,0.0,0.48333333333333334,0.0,1.0,0.0,1761881263000.0,3600000.0,0.2955367913148372,3316.0,-3.76392473876086e-05,0.29689147133519267,0.00507347432296804,6.3507075,0.4191972613334656,0.342986911535263,-0.2311875075101852,-1.8370829820632932,4.604198455810547,-0.8124661445617676,0.6694027185440063,-3.580268621444702,-0.5180122256278992,-0.9969977736473083,-0.2067292779684066,0.5547556281089783,-0.9054047465324402,-1.7109253406524658,1.631300687789917,-0.490231305360794,2.7019429206848145,-2.7059686183929443,-2.0440120697021484,1.2893304824829102,-2.30763840675354,-4.01767110824585,-2.400099754333496,1.872858166694641,1.840158224105835,3.4520139694213867,-2.2340548038482666,-3.235329389572144,-0.8418166041374207,1.4655405282974243,-1.7274868488311768,2.370515823364258,88.0
73.60472,12.833289,45.0,133.0,0.05386525139458311,88.0,0.17435415,0.4439437535189494,57,12.78166,1.7944379,7.0,19.0,0.0002468355051115339,12.0,0.1403916,1.4899909807728262,92,40.50714,13.566291,11.0,94.0,0.043526687420671534,0.4140362584826228,173,27660.0,7.683333333333334,0.16702819956616052,0.14967462039045554,0.6832971800433839,0.0021691973969631237,0.9978308026030369,0.0021691973968847,1761973546000.0,29760000.0,0.14421669106881405,355.5748373101952,0.05625025544187518,0.41986388123257007,0.07865735858042582,5.7586193,-2.5346481800079346,-2.286937713623047,2.710191488265991,-1.4035037755966189,-3.7035586833953857,4.447512626647949,-3.0168373584747314,-4.0461835861206055,-4.024685859680176,2.5022969245910645,3.393187522888184,-1.7488282918930054,-3.303171157836914,-4.31748628616333,3.4542558193206787,-0.8537209033966064,2.549905776977539,-2.371265649795532,-2.0064713954925537,1.1429375410079956,-2.613661766052246,-3.44803524017334,-2.471564769744873,1.9484838247299197,1.4725359678268433,3.2174808979034424,-3.0670244693756104,-3.0609548091888428,-0.6183896660804749,1.1215291023254397,-1.0897066593170166,2.3635904788970947,90.0
68.775,11.09686,50.0,103.0,0.050750366260428385,53.0,0.16135019,0.69966496081951,41,12.529182,1.8514853,7.0,20.0,0.0013121949805513567,13.0,0.14777382,1.4113857195973956,120,35.17143,13.159112,12.0,87.0,0.04706762968066279,0.46606254948916015,193,31500.0,8.75,0.23238095238095238,0.24,0.5276190476190477,0.05714285714285714,0.9428571428571428,0.057142857141043085,1762058153000.0,33300000.0,0.09764569664222308,296.1142857142857,0.08487590609704121,0.511155727513133,0.06791431917294437,5.489185,-2.740616798400879,-4.838461399078369,3.3671116828918457,-1.6749775409698486,-3.607215642929077,4.93925142288208,-3.991328477859497,-0.6575912237167358,-3.624238014221192,2.9808380603790283,2.8699653148651123,-5.231677532196045,-3.4314632415771484,-4.756499290466309,3.177248954772949,-1.4323536157608032,1.5170683860778809,-2.088098287582397,-2.1295552253723145,-0.1491795480251312,-2.0962178707122803,-2.5112879276275635,-2.6465511322021484,3.229034423828125,1.9363473653793333,1.4922047853469849,-3.274418592453003,-3.0678157806396484,-0.5022987723350525,1.0829145908355713,-0.595312237739563,3.106253147125244,84.0
83.535614,12.877063,55.0,138.0,-0.018372613922543624,83.0,0.15415058,0.4636399031595183,54,13.995744,1.8859503,8.0,20.0,0.0005505276009654682,12.0,0.13475169,1.5021415408012864,81,68.89333,9.5598345,25.0,99.0,-0.017668622988187534,0.44135364700091356,193,26700.0,7.416666666666667,0.22696629213483147,0.18651685393258427,0.5865168539325842,0.033707865168539325,0.9662921348314607,0.033707865167276856,1762142765000.0,29700000.0,0.1971153846153846,392.62921348314603,-0.07165809731295798,0.30130418402700193,0.001314786155900635,5.9686437,-3.339099884033203,-3.411538600921631,3.856658697128296,-2.4710910320281982,-3.295519590377808,3.641520738601685,-3.7664952278137207,-2.5598201751708984,-4.500715255737305,1.8336851596832275,4.147515296936035,-3.400353193283081,-3.691249847412109,-5.248439788818359,4.137450695037842,-2.5325543880462646,2.4433910846710205,-3.3928611278533936,-4.96928071975708,0.5747432112693787,-3.37706995010376,-4.443861961364746,-2.910550832748413,3.216071844100952,1.1246614456176758,1.0010905265808103,-1.8022825717926023,-4.6086931228637695,-2.51452898979187,3.2946343421936035,-0.8865116834640503,3.0077128410339355,95.0
73.77747,10.35642,51.0,101.0,0.04528833557476151,50.0,0.14037374,0.7441957484104218,72,12.751878,1.9064834,8.0,19.0,0.0018986744859669493,11.0,0.14950608,1.7019123958089322,109,46.96471,13.521719,15.0,94.0,0.05127168459795205,0.45212292879706995,116,29520.0,8.2,0.20121951219512196,0.21544715447154472,0.5833333333333334,0.014227642276422764,0.9857723577235772,0.014227642275940798,1762228782000.0,30600000.0,0.0777120315581854,309.1463414634147,0.12480386029529184,0.37242274674368736,0.16018165312653618,5.785616,-2.8376331329345703,-3.393195152282715,3.445948600769043,-2.023185968399048,-3.910145521163941,4.410291194915772,-3.6149160861968994,-1.087578535079956,-3.751861333847046,2.7798867225646973,3.728516578674317,-3.157294273376465,-4.437777996063232,-4.91870641708374,3.7892000675201416,-2.0733883380889893,1.94354510307312,-2.617713928222656,-3.255919933319092,0.3200570046901703,-2.50195050239563,-3.671837568283081,-2.6316964626312256,2.5702273845672607,1.824507594108581,1.7122137546539309,-3.049565076828003,-3.426917314529419,-1.1933614015579224,2.131910800933838,-0.5811798572540283,2.8820300102233887,29.0
73.0,13.627496,47.0,114.0,-0.046889615069881346,67.0,0.18667802,0.5844421800762946,71,13.102473,1.956658,8.0,20.0,-0.0021602680001605976,12.0,0.149335,1.5662379801577064,119,45.10582,15.879695,6.0,97.0,-0.05097078208314658,0.4120884939901578,221,8880.0,2.466666666666667,0.4189189189189189,0.11486486486486487,0.46621621621621623,0.5067567567567568,0.49324324324324326,0.5067567566996896,1762301994000.0,13380000.0,0.1439033321127792,1107.162162162162,0.1422830121901626,0.4837094849368691,0.21774953795545773,5.571467,-2.178253650665283,-3.089643716812134,2.519355535507202,-3.627493381500244,7.210963726043701,-2.285696506500244,-0.7904583811759949,-4.648703575134277,-3.997455358505249,-0.7719780802726746,1.9536787271499636,-2.9977307319641118,-4.342623710632324,-3.489248037338257,4.10439395904541,-3.915805101394653,-0.1901356130838394,-1.662437915802002,-2.1247475147247314,0.0642749518156051,-1.9466880559921265,-2.907543897628784,-2.2984180450439453,4.19608211517334,1.228135585784912,0.8403220176696777,-0.3987998366355896,-4.540043830871582,-2.377437114715576,1.9940507411956787,-2.837833881378174,3.11960244178772,88.0
83.96108,17.819622,52.0,141.0,-0.05067231119955009,89.0,0.21223669,0.452629967895288,50,13.520202,1.7048448,8.0,20.0,0.0005362991510460723,12.0,0.1260961,1.3403429142329526,106,55.32381,13.288361,12.0,94.0,0.0038820716818212795,0.3949541038001757,131,26400.0,7.333333333333333,0.17727272727272728,0.2409090909090909,0.5818181818181818,0.04090909090909091,0.9590909090909091,0.04090909090754132,1762398747000.0,27480000.0,0.31295915368792243,464.04545454545456,0.028899408749909223,0.345720287627212,0.04431292466317284,6.2100463,-3.0906763076782227,-3.792430877685547,3.4040887355804443,-2.3241162300109863,-3.704577684402466,3.255495309829712,-4.249869346618652,-2.809807300567627,-3.6932833194732666,-0.6122729182243347,4.372712135314941,-2.634112596511841,-3.172082662582397,-5.35971736907959,4.596647262573242,-3.85693621635437,2.599569797515869,-3.2348010540008545,-3.895029067993164,0.690970778465271,-2.8760459423065186,-4.429494380950928,-2.60627555847168,2.708512306213379,1.6436395645141602,2.0256597995758057,-1.946134209632873,-4.027261257171631,-1.730655550956726,2.4771482944488525,-1.03936505317688,2.8723244667053223,90.0
70.25479,14.803861,49.0,139.0,0.061485897888323204,90.0,0.21071674,0.44091628334389094,66,12.37619,1.6694523,8.0,19.0,0.0014482509470238904,11.0,0.13489226,1.5368611144807904,92,34.67516,12.142971,10.0,80.0,0.03517836179024045,0.4858314023797902,189,32040.0,8.9,0.1198501872659176,0.19662921348314608,0.6835205992509363,0.0149812734082397,0.9850187265917603,0.01498127340777212,1762488060000.0,32520000.0,0.20068376068376068,328.6516853932584,0.08477344511875996,0.290329745564067,0.1833048950366993,5.6766086,-2.890040874481201,-4.263002395629883,3.664301633834839,-2.0629711151123047,-3.295740365982056,4.80709171295166,-3.829618453979492,-1.159893035888672,-3.9491448402404794,2.733556270599365,3.488015651702881,-4.788001537322998,-3.822898387908936,-4.811969757080078,3.3604087829589844,-1.0041626691818235,1.7536540031433103,-2.3341498374938965,-2.209948778152466,1.8875988721847532,-2.605434894561768,-2.606142997741699,-2.014329433441162,2.3547730445861816,2.6619789600372314,1.491024613380432,-3.162971019744873,-1.9714444875717163,0.1642636507749557,2.010137796401977,-1.5957655906677246,2.0012762546539307,89.0
69.86866,12.764786,50.0,147.0,0.03400400682198726,97.0,0.18269688,0.3937506303279616,48,12.805054,1.7778217,8.0,19.0,0.0017456408800180865,11.0,0.13883749,1.7228297391867704,131,37.526318,13.147281,10.0,88.0,0.02687133087609737,0.4472589465745858,190,30540.0,8.483333333333333,0.17288801571709234,0.14931237721021612,0.6777996070726916,0.03339882121807466,0.9666011787819253,0.033398821216981046,1762574297000.0,31560000.0,0.13535502958579881,318.74263261296664,0.02119456391338576,0.3772206167412624,0.05426409764723156,5.4563346,-3.167940378189087,-4.7764973640441895,4.30172872543335,-2.8348937034606934,-3.85347580909729,3.8273444175720215,-3.906294107437134,0.2756303250789642,-3.883040428161621,2.942692995071411,3.790724992752075,-5.291762828826904,-4.675361156463623,-5.254873275756836,3.549248218536377,-2.558520555496216,2.120892286300659,-2.4283347129821777,-1.8152308464050293,0.9981576800346376,-2.256293535232544,-3.5820045471191406,-2.4063096046447754,1.8080475330352783,1.9103593826293943,3.302196741104126,-2.865751266479492,-2.9932079315185547,-0.4458111524581909,1.333766222000122,-1.2634111642837524,2.488955497741699,68.0
80.26471,17.921293,50.0,143.0,-0.022631089054971777,93.0,0.22327738,0.4281806148889672,51,13.991303,1.6417127,8.0,21.0,0.0008915273086512146,13.0,0.11733807,1.3369336753599244,100,55.375,12.015416,20.0,96.0,0.02901100769856732,0.4431484993366868,158,28320.0,7.866666666666666,0.2097457627118644,0.1059322033898305,0.684322033898305,0.11228813559322035,0.8877118644067796,0.11228813558925536,1762663058000.0,31500000.0,0.24653561069932323,394.44915254237293,0.11672268573746922,0.2665037790473513,0.08542994848917923,5.736757,-3.195457220077514,-5.083099365234375,4.883464813232422,-3.441298007965088,-3.2325894832611084,3.5506319999694824,-4.351188659667969,0.2954015731811523,-3.917409658432007,2.1965224742889404,4.162374496459961,-5.41213846206665,-4.473405361175537,-5.857916831970215,4.438343524932861,-3.289097309112549,2.165565252304077,-3.0786709785461426,-3.961437702178955,0.0678951144218444,-2.806396484375,-4.028226852416992,-2.833775520324707,3.0792477130889893,1.6720670461654663,1.432428002357483,-2.430949449539185,-4.070101261138916,-1.9021419286727903,2.53704571723938,-0.838882327079773,3.0753097534179688,93.0
68.43324,11.510938,49.0,105.0,0.02189692775892857,56.0,0.16820681,0.6628561615681955,53,12.856209,1.725293,8.0,21.0,0.0007045410157895556,13.0,0.1341992,1.3313709675430072,151,36.515957,12.458166,13.0,82.0,-0.003556619630214755,0.4949123580658226,228,28860.0,8.016666666666667,0.16424116424116425,0.20997920997921,0.6257796257796258,0.02494802494802495,0.975051975051975,0.0249480249471605,1762747767000.0,29580000.0,0.1031837360951285,325.19750519750517,0.0922320178133985,0.3705486586992735,0.13718311675390787,5.322972,-3.1675596237182617,-3.2585289478302,3.9103503227233887,-2.117241144180298,-3.949324607849121,3.8469955921173096,-3.803575992584229,-2.2804555892944336,-4.223328590393066,2.054758310317993,4.105337142944336,-2.8889577388763428,-3.317254543304444,-5.2191081047058105,4.145593166351318,-2.5543789863586426,1.6654168367385864,-2.405858278274536,-2.045393705368042,0.3872227668762207,-2.0092573165893555,-3.050593852996826,-2.4781222343444824,3.063720703125,1.8329436779022217,2.0380866527557373,-2.5098464488983154,-3.3407952785491943,-0.477314293384552,1.1767431497573853,-0.7604374885559082,2.900890827178955,86.0
74.237595,11.75216,51.0,113.0,0.026048572854155183,62.0,0.1583047,0.6199462372277112,59,13.734007,1.9373369,7.0,19.0,0.0014176795027649913,12.0,0.14106129,1.4361715437668514,142,47.028572,12.169955,18.0,91.0,0.029501867749535348,0.4668574358921265,209,31010.0,8.613888888888889,0.19735569171235084,0.12189616252821671,0.6810706223798775,0.04450177362141245,0.9554982263785875,0.04450177361997737,1762832862000.0,32390000.0,0.20960108181203516,343.3989035794905,0.02338051194202494,0.2402797957755506,0.2191755176523632,5.4053845,-3.267917394638061,-4.830598831176758,3.9498794078826895,-2.6618874073028564,-3.331296682357788,3.715306043624878,-4.140379428863525,-0.3015589714050293,-4.031129837036133,1.7294845581054688,3.914873361587525,-5.643841743469238,-3.95354962348938,-5.228611469268799,3.417510986328125,-2.6138484477996826,0.9403879046440125,-2.794109582901001,-2.7780861854553223,-0.3968411087989807,-2.34734320640564,-3.1881299018859863,-2.633978366851806,3.548429012298584,1.7771445512771606,0.3476954400539398,-2.9004178047180176,-4.268809795379639,-1.8593987226486208,2.5596933364868164,-1.1822665929794312,3.385862112045288,78.0
66.9171,8.5533,47.0,98.0,-0.003189243579651955,51.0,0.12781934,0.6805589344159738,91,12.675595,1.9313825,7.0,19.0,0.0005509571667755621,12.0,0.15237015,1.6332839361611602,145,32.593136,9.193211,8.0,88.0,0.001621064632665312,0.4269293886338948,260,24600.0,6.833333333333333,0.25121951219512195,0.21707317073170732,0.5317073170731708,0.05121951219512195,0.948780487804878,0.05121951219303986,1762919857000.0,27360000.0,0.07698381365969206,370.6829268292683,-0.06336148644547243,0.2723953250698567,-0.0885991026386747,5.279207,-3.716968059539795,-4.358639717102051,3.531048536300659,-2.80159854888916,-4.188864231109619,1.863094449043274,-4.661848068237305,-1.6138474941253662,-3.8285181522369385,-1.5985456705093384,5.090673923492432,-3.61632227897644,-3.320229768753052,-5.7249603271484375,4.715442657470703,-5.438036918640137,0.632436215877533,-2.089749336242676,-1.309135675430298,-0.1699598282575607,-1.6051840782165527,-2.3420910835266118,-2.3459272384643555,3.6807050704956055,1.8562304973602293,1.0655633211135864,-2.34265661239624,-3.761498689651489,-0.7848621010780334,1.2775466442108154,-1.6027464866638184,3.255218029022217,84.0
78.060524,11.095682,54.0,108.0,-0.01860471375523107,54.0,0.14214204,0.6959115609669383,51,13.159835,1.7551718,8.0,23.0,0.00022226987811034047,15.0,0.13337338,1.2250414163557233,115,54.019222,11.80287,17.0,93.0,-0.017536972187202914,0.45388978921560214,100,27000.0,7.5,0.1511111111111111,0.23777777777777778,0.6111111111111112,0.051111111111111114,0.9488888888888889,0.05111111110921811,1763005406000.0,28380000.0,0.2381883349625285,409.2,0.08525757805555562,0.4136764023959671,0.11925973672610003,5.9317245,-4.376307964324951,-4.648940563201904,5.867404460906982,-4.666459560394287,-2.8765909671783447,1.3515723943710327,-5.235142707824707,-0.1980920284986496,-5.131735324859619,-0.5209956765174866,5.886470317840576,-4.690609455108643,-3.690343618392944,-6.677078723907471,6.040054798126221,-5.576868057250977,1.4881099462509155,-3.0117287635803223,-3.468544006347656,0.2203317582607269,-2.707251787185669,-3.39644455909729,-2.621654510498047,3.678407907485962,1.0802369117736816,0.507827877998352,-1.9336267709732056,-4.603754997253418,-2.2605488300323486,2.8310327529907227,-1.4025115966796875,3.172086715698242,74.0
76.44663,10.492371,44.0,109.0,0.003426640477365208,65.0,0.13725092,0.5784477261926305,66,12.539603,1.5568179,6.0,21.0,0.00021576113553794377,15.0,0.12415208,1.0272318412176034,101,46.80374,10.222302,2.0,93.0,0.006754079252808771,0.36142529366065484,74,20760.0,5.766666666666667,0.16473988439306358,0.26011560693641617,0.5751445086705202,0.028901734104046242,0.9710982658959537,0.028901734102654057,1763093278000.0,22200000.0,0.284796573875803,566.878612716763,-0.0009993136830012254,0.34745588626987267,-0.06426498529074205,6.096415,-3.2816355228424072,-3.3625247478485107,1.6590678691864014,-2.8066627979278564,-1.308035373687744,1.3054773807525637,-3.169410228729248,-5.68498420715332,-5.1788010597229,-4.480294704437256,2.0047621726989746,-3.245303153991699,-4.949115753173828,-3.4448797702789307,2.9191911220550537,-4.208497524261475,2.1590490341186523,-2.704669237136841,-3.0226082801818848,0.833026647567749,-2.4971466064453125,-3.719115257263184,-2.554082155227661,2.682178735733032,1.6115013360977173,2.173344373703003,-2.0295751094818115,-3.4208407402038574,-1.0769567489624023,1.8527958393096924,-0.8061720132827759,2.6958651542663574,86.0
73.43023,11.497007,53.0,135.0,-0.022530635827926367,82.0,0.1565705,0.46598678305830216,63,12.64,1.6668035,8.0,19.0,-0.0012350855961800252,11.0,0.13186735,1.4322360878191038,116,41.804688,11.35285,16.0,82.0,-0.014879827929313992,0.49418684728182816,159,30300.0,8.416666666666666,0.19603960396039605,0.22376237623762377,0.5801980198019802,0.07524752475247524,0.9247524752475248,0.07524752474999183,1763179628000.0,32580000.0,0.2133243606998654,353.1089108910891,-0.019278689254634055,0.0642149512515407,-0.034669666231845496,5.809353,-3.244192123413086,-5.063728332519531,4.140629768371582,-2.600231170654297,-2.915815830230713,4.371376991271973,-4.398563861846924,-0.4317786395549774,-4.198637008666992,1.874439358711243,3.726405620574951,-5.7006659507751465,-3.9663028717041016,-5.2851667404174805,3.75426197052002,-2.4586639404296875,2.6053950786590576,-2.310187339782715,-2.149846076965332,1.0836457014083862,-2.438507556915283,-3.439091682434082,-2.3729772567749023,2.179778814315796,1.5851294994354248,3.188366174697876,-2.24642276763916,-3.1209421157836914,-0.6574487686157227,0.9543087482452391,-1.35929536819458,2.5487184524536133,82.0
77.43681,10.49273,53.0,102.0,-0.03969541882889544,49.0,0.13550054,0.7602841321398169,52,13.333333,1.5932922,8.0,21.0,-0.0008798189820579463,13.0,0.11949691,1.2851968674547152,130,54.71631,10.6277275,19.0,90.0,-0.014582562664502457,0.4732604094953663,92,28560.0,7.933333333333334,0.22058823529411764,0.16806722689075632,0.6113445378151261,0.0861344537815126,0.9138655462184874,0.0861344537784967,1763268318000.0,31020000.0,0.24189364461738003,388.7394957983193,-0.07522363909037152,0.14887671818907994,0.02833528278554067,5.8077607,-3.270700693130493,-4.531117916107178,4.458169460296631,-2.7475268840789795,-3.680465936660767,3.5645010471343994,-4.193715572357178,-0.1762482821941375,-3.901442289352417,2.096369504928589,4.185656547546387,-4.32376766204834,-4.404244899749756,-5.761129379272461,4.436558723449707,-3.463543176651001,2.2360379695892334,-2.8219141960144043,-3.85150146484375,0.5087813138961792,-2.6856281757354736,-3.891646385192871,-2.561340808868408,3.0001533031463623,1.5202076435089111,1.410673975944519,-1.9336429834365845,-3.87219762802124,-1.588934063911438,2.285048007965088,-0.9816105365753174,2.9879403114318848,69.0
81.564354,22.823174,42.0,150.0,0.004054673558718618,108.0,0.279818,0.4019383763257533,40,13.136366,1.578161,7.0,19.0,0.002322053076917739,12.0,0.1201368,1.169055481571249,82,36.28,10.787299,9.0,97.0,0.025497845259340512,0.3674735950499398,122,28320.0,7.866666666666666,0.163135593220339,0.1694915254237288,0.6673728813559322,0.11652542372881355,0.8834745762711864,0.11652542372469896,1763351856000.0,31620000.0,0.3428892636312535,452.2881355932204,0.05746956834180535,0.14407782085595539,0.029720724237874658,6.2090497,-2.9026007652282715,-4.644473075866699,4.302713871002197,-2.7818596363067627,-3.0633561611175537,4.010095596313477,-4.058646202087402,-0.873370885848999,-4.03458833694458,2.1943514347076416,3.682998180389404,-4.870265483856201,-4.109246730804443,-5.435231685638428,3.930609226226807,-2.492896795272827,2.722984552383423,-2.7154829502105717,-0.97981995344162,1.4783635139465332,-1.89878523349762,-3.669738292694092,-1.9421541690826416,2.054218053817749,2.098764181137085,3.553135871887207,-2.167610645294189,-2.907343626022339,-0.1597516536712646,1.167535662651062,-2.365443706512451,2.110285997390747,89.0
70.33523,12.067336,41.0,119.0,0.05709497458789246,78.0,0.17156887,0.49233656683812194,43,13.299147,1.8762293,6.0,20.0,0.002766048537640726,14.0,0.14107892,1.2377908961417254,88,36.8052,12.597788,8.0,97.0,0.03966590384903298,0.38895159718127514,76,28951.0,8.041944444444445,0.2134641290456288,0.15750751269386204,0.6300300507754482,0.04559427999032849,0.9544057200096715,0.04559427998875361,1763443641500.0,30271000.0,0.15351194786386677,343.44927636351076,0.19719876453354265,0.4481473309890342,0.28951007931727046,5.288702,-3.81416392326355,-3.96305513381958,4.20931339263916,-2.6585819721221924,-3.9595987796783447,3.0818357467651367,-4.073605537414551,-0.3189340829849243,-4.361644744873047,2.016603708267212,4.796678066253662,-4.154293060302734,-3.8578405380249023,-5.182224750518799,4.192817687988281,-3.7536022663116455,2.109065055847168,-2.2540152072906494,-1.8761332035064695,0.7145699262619019,-2.237888097763061,-3.22427749633789,-2.638999462127685,2.4326674938201904,1.8988972902297971,3.0109126567840576,-2.974238872528076,-3.2065372467041016,-0.3518359065055847,1.0071938037872314,-0.5195992588996887,2.750070571899414,86.0
75.19718,11.612015,57.0,128.0,-0.01793370347156164,71.0,0.15442088,0.5294029189145961,55,13.00974,1.9417486,8.0,20.0,-0.0022208488462281224,12.0,0.14925344,1.6408921669441505,131,52.06806,13.359481,17.0,92.0,-0.033828970070202684,0.48873367861964967,214,33360.0,9.266666666666667,0.18165467625899281,0.1618705035971223,0.6564748201438849,0.0341726618705036,0.9658273381294964,0.03417266186947924,1763524771000.0,34500000.0,0.14640379700620665,295.5755395683453,0.09468023084507567,0.4787227439432264,0.13343209388080993,5.7800674,-3.110563278198242,-6.214705944061279,4.7878289222717285,-1.5984350442886353,-2.3442420959472656,4.757632255554199,-4.2317423820495605,0.2421658337116241,-4.338459968566895,1.391453742980957,3.537930488586426,-6.2169718742370605,-3.570216417312622,-5.443153381347656,4.125417232513428,-2.1730525493621826,2.31458067893982,-2.8465209007263184,-3.5463666915893555,0.6349459886550903,-2.6730244159698486,-3.795027494430542,-2.6137959957122803,2.913959503173828,1.4563618898391724,1.6848851442337036,-1.6780668497085571,-3.779348373413086,-1.4752973318099976,1.9921330213546755,-1.080674648284912,2.8817694187164307,46.0
64.28788,6.4229646,51.0,93.0,0.03366050874078904,42.0,0.09990942,0.7210004449403986,32,12.674286,1.6137707,7.0,20.0,0.0031210874132805073,13.0,0.12732635,1.1925617392832049,69,36.8595,10.613121,12.0,82.0,0.04597362735525266,0.4575354020287372,84,22920.0,6.366666666666666,0.14659685863874344,0.049738219895287955,0.8036649214659686,0.2670157068062827,0.7329842931937173,0.2670157067946328,1763612320000.0,29040000.0,0.0225752508361204,375.70680628272254,0.17973044177678393,0.5421948316120306,0.1838903476579528,5.0723076,-5.08011531829834,-4.604844093322754,6.339714527130127,-4.585684299468994,-6.185786724090576,1.2127355337142944,-5.828579425811768,1.727210283279419,-5.459077835083008,0.6050077080726624,6.407767295837402,-4.936282634735107,-3.412482023239136,-6.531031131744385,5.194771766662598,-6.160995006561279,1.8133752346038816,-2.0942392349243164,-1.954315423965454,0.3958327770233154,-2.007856607437134,-2.89832615852356,-2.473348617553711,2.7136335372924805,1.8964961767196653,2.3469483852386475,-2.965567350387573,-2.858341217041016,-0.3078194260597229,0.951220452785492,-0.3860149085521698,2.6830105781555176,92.0
79.65418,11.181822,54.0,120.0,0.03489806128902353,66.0,0.1403796,0.5787534875946092,51,13.558376,1.6626498,8.0,19.0,0.0010639528571748439,11.0,0.122628964,1.420854588044615,88,66.23951,13.809377,20.0,96.0,0.053644992749078746,0.4644423140256734,83,38520.0,10.7,0.26947040498442365,0.19470404984423675,0.5358255451713395,0.0264797507788162,0.9735202492211839,0.02647975077812877,1763693816000.0,41160000.0,0.1968395740295431,272.05607476635515,-0.15465040684478443,0.4620945461169546,0.010486645208958553,5.874905,-2.6691181659698486,-5.516836643218994,5.764792442321777,0.0783761590719223,-2.506119728088379,3.5122628211975098,-4.167876243591309,1.917064905166626,-5.101141452789307,0.5731680393218994,3.37099027633667,-7.183743953704834,-3.918853998184204,-6.0316596031188965,4.761282444000244,0.0153700252994894,2.97055459022522,-3.1639444828033447,-4.284968852996826,1.1767385005950928,-3.38039493560791,-4.921141624450684,-2.7378008365631104,1.7311198711395264,1.2503753900527954,2.7029342651367188,-2.3829240798950195,-3.942674160003662,-2.165522336959839,2.920283794403076,-1.1493732929229736,2.551771640777588,90.0
71.70083,15.604681,47.0,142.0,0.07763655285349158,95.0,0.21763599,0.4248193038628828,45,13.099656,1.965279,7.0,22.0,0.0013495172817578973,15.0,0.15002522,1.3072777607549764,130,37.23669,13.730946,8.0,88.0,0.054379580837185554,0.44896545016801087,88,31913.0,8.864722222222222,0.31397862939867766,0.20305204775483346,0.4831886691943722,0.04136245417228089,0.9586375458277191,0.04136245417098479,1763785254500.0,33233000.0,0.16380543633762518,315.40751417917465,0.07802322394104719,0.39690513274243694,0.17372145336690906,5.473489,-2.8763253688812256,-5.272149085998535,4.310515880584717,-2.167346954345703,-2.117178440093994,4.598721027374268,-4.614298343658447,-0.6157388091087341,-4.029767990112305,2.3394038677215576,3.0806541442871094,-5.562412738800049,-3.715954303741455,-5.660001277923584,4.008334159851074,-2.1943726539611816,1.4352972507476809,-2.4400341510772705,-2.21833610534668,0.1177511811256408,-2.1875038146972656,-3.375975608825684,-2.731123447418213,2.623882293701172,2.2693932056427,2.27356219291687,-3.613639116287232,-3.006422996520996,-0.3073036968708038,1.588839411735535,-0.4831834137439728,3.0258049964904785,77.0
69.28997,11.291886,44.0,114.0,0.011455915087940374,70.0,0.16296567,0.5358900944798426,83,12.62745,1.7770823,7.0,19.0,0.0008868460088183965,12.0,0.14073168,1.5602861841288103,130,37.045715,11.508673,6.0,78.0,0.0140311125032953,0.4852018181166089,217,27660.0,7.683333333333334,0.2386117136659436,0.21258134490238612,0.5488069414316703,0.07592190889370933,0.9240780911062907,0.07592190889096449,1763871651000.0,29760000.0,0.11472926921620598,343.73101952277653,0.12989936697660776,0.20057751352702796,0.14109273553879242,5.4872494,-3.7508935928344727,-3.732524871826172,4.527490615844727,-2.7312772274017334,-3.6328563690185542,2.766695022583008,-4.054243564605713,-1.0612305402755735,-4.551090717315674,1.7868353128433228,4.4375715255737305,-3.860838890075684,-3.4467101097106934,-5.563756465911865,4.245976448059082,-3.645392417907715,1.4109904766082764,-2.2817177772521973,-2.1642374992370605,0.1719199270009994,-2.2392578125,-2.8453354835510254,-2.433568954467773,3.4259769916534424,1.7932051420211792,1.5742372274398804,-2.75039291381836,-3.297330617904663,-0.466045469045639,1.2659707069396973,-0.8296768665313721,3.06238317489624,69.0
75.16854,23.248762,52.0,139.0,0.1396463301733036,87.0,0.30928847,0.4435132475748201,24,12.711443,1.7373189,8.0,18.0,0.002539597445967862,10.0,0.1366736,1.798263478430558,90,31.146341,8.961988,13.0,85.0,0.001685259349178748,0.432602295618738,148,29340.0,8.15,0.2147239263803681,0.24130879345603273,0.5439672801635992,0.11042944785276074,0.8895705521472392,0.11042944784899696,1763955652000.0,32580000.0,0.30835197613721105,329.07975460122697,0.07220829007265234,0.16240982609644775,0.0997819611068752,5.913454,-3.73435378074646,-5.603686332702637,5.069682598114014,-3.2450618743896484,-2.9229624271392822,3.3976564407348637,-4.844231128692627,1.2094392776489258,-4.519665241241455,1.7994059324264526,4.280975341796875,-6.663973331451416,-3.978925228118897,-6.081904888153076,4.12550163269043,-3.789313793182373,1.48278546333313,-1.720198154449463,-0.9573152661323548,3.970949649810791,-1.7075201272964478,-2.7006728649139404,-1.4094964265823364,1.6106666326522827,2.713543176651001,2.5323636531829834,-0.2600189447402954,-1.2051905393600464,1.8202269077301023,1.2699867486953735,-3.241481304168701,1.0205308198928833,91.0
